food_name,base_calories,base_protein,base_carbs,base_fat,base_fiber,base_sodium,base_sugar,base_cholesterol,serving_size_g
apple_pie,250,3,35,11,2,150,15,10,125
baby_back_ribs,320,28,0,24,0,680,0,95,150
baklava,300,5,30,18,1.5,250,18,20,50
beef_carpaccio,275,26,1,19,0,420,0,85,100
beef_tartare,280,27,2,19,0,450,0,90,100
beet_salad,95,4,18,1,3.5,320,10,0,200
beignets,210,3,24,12,1,280,12,15,50
bibimbap,280,8,32,13,3,680,2,25,300
bread_pudding,280,6,32,14,1.5,350,18,65,120
breakfast_burrito,360,14,32,20,4,920,2,180,250
bruschetta,90,3,12,4,1.5,280,1,0,80
caesar_salad,120,8,6,8,1.5,420,1,20,150
cannoli,240,4,28,12,0.5,180,20,30,50
caprese_salad,150,8,6,11,2,420,2,18,200
carrot_cake,280,3,35,14,2,320,22,45,80
ceviche,120,16,6,4,1,520,1,70,150
cheese_plate,350,22,8,28,0,850,2,95,150
cheesecake,320,5,28,22,0,350,20,85,100
chicken_curry,240,18,12,13,2,680,2,60,300
chicken_quesadilla,380,20,28,22,3,820,1,75,250
chicken_wings,260,20,2,20,0,540,0,85,150
chocolate_cake,300,4,35,16,2,280,25,50,100
chocolate_mousse,250,4,20,18,1,150,15,85,100
churros,220,2,22,14,1,280,8,20,50
clam_chowder,180,8,16,10,1,680,2,25,300
club_sandwich,360,22,28,18,2,820,3,60,250
crab_cakes,220,14,14,12,1,520,1,95,100
creme_brulee,280,3,24,20,0,180,20,185,100
croque_madame,420,18,28,26,1,950,2,85,250
cup_cakes,240,2,28,13,0.5,280,18,40,50
deviled_eggs,155,12,1.5,12,0,320,0.5,185,50
donuts,280,3,32,15,1,280,15,20,60
dumplings,180,8,22,8,1.5,480,1,35,100
edamame,95,11,8,4,3.5,280,1,0,150
eggs_benedict,340,16,18,24,0,650,1,250,220
escargots,120,16,2,6,0,420,0,85,100
fall_fruit,120,1,28,0.5,3.5,2,20,0,200
falafel,170,6,16,9,4,380,1,0,60
farfalle,350,12,72,2,4,2,2,0,100
filet_mignon,320,26,0,26,0,70,0,85,200
fish_and_chips,380,18,35,20,2,680,0,60,300
fish_tacos,280,20,24,12,2,620,2,45,250
foie_gras,460,8,2,48,0,320,0,250,100
french_fries,320,4,38,17,3.5,280,0,0,150
french_onion_soup,220,8,16,14,2,1200,3,25,300
french_toast,280,10,32,14,1.5,450,10,210,150
fried_calamari,280,20,18,16,1,680,0,250,200
fried_chicken,320,22,18,20,0,720,0,95,200
fried_rice,320,8,42,14,2,820,2,45,300
fried_shrimp,280,24,18,14,1,720,0,180,200
fried_udon,380,12,48,16,2,920,2,20,300
frozen_yogurt,150,4,28,2,0,80,24,15,150
fruit_salad,95,1.5,24,0.5,2.5,30,18,0,200
full_breakfast,580,28,42,32,5,1280,8,350,500
gazpacho,80,2,14,2,2,520,8,0,300
gelato,220,4,26,12,0,120,22,80,100
goulash,280,22,18,16,2,680,2,60,300
greek_salad,180,8,12,14,3,580,4,25,300
green_beans,45,2,10,0.2,2.5,60,2,0,150
green_salad,45,2,8,0.5,2,80,1,0,150
grilled_cheese_sandwich,380,16,32,22,1.5,920,2,60,200
grilled_salmon,280,32,0,16,0,420,0,95,250
grits,180,4,34,2,2,480,0,0,200
guacamole,160,2,8,15,7,280,1,0,100
gyoza,200,8,20,10,1.5,420,1,35,120
gyro,380,28,34,16,2,820,2,95,250
halibut,220,30,0,10,0,280,0,85,200
ham_and_cheese_croissant,380,14,32,22,1,820,2,65,120
hamburger,350,20,28,18,1.5,720,2,70,200
hand_pulled_noodles,350,12,72,2,2,520,1,0,300
hangi,320,24,0,26,0,620,0,90,250
hard_shell_tacos,320,16,28,16,3,720,2,45,200
hashbrown,200,2,24,12,2,520,0,0,100
hot_and_sour_soup,120,8,12,5,2,820,2,20,300
hot_dog,320,14,28,20,1,820,2,45,150
huevos_rancheros,380,14,32,22,4,920,2,180,300
hummus,140,4,14,8,3,320,1,0,100
hungarian_goulash,280,22,18,16,2,680,2,60,300
ice_cream,220,4,26,12,0,120,22,80,100
indian_flatbread,280,8,42,8,2,520,1,0,150
indian_rice_bowl,320,10,48,8,3,680,2,0,350
italian_meatballs,280,20,12,18,1,620,2,85,150
italian_seafood_pasta,380,24,42,12,3,720,2,95,350
jacket_potato,160,4,36,0.2,2.5,80,1,0,300
jalapeno_poppers,240,8,18,16,1,620,1,45,100
jell_o,85,2,20,0,0,40,18,0,100
jerk_chicken,280,32,8,14,1,720,2,95,250
joumou_soup,220,8,24,12,3,680,4,20,400
kalamata_olives,150,1,8,14,2,1200,0,0,100
karaage,280,24,12,16,0,620,0,95,200
kebab,320,28,12,18,2,620,2,85,250
kedgeree,320,18,38,10,2,720,2,45,350
ketchup,30,0.5,6,0,0.5,920,4,0,20
key_lime_pie,320,4,38,16,0,280,28,60,100
kheer,240,6,32,10,0.5,180,20,20,200
khoresht,280,18,24,14,3,720,2,55,350
kielbasa,280,20,2,22,0,820,0,85,100
korean_beef_bowl,380,26,48,10,3,820,4,85,350
kung_pao_chicken,320,28,12,18,2,720,4,95,300
lamb_chops,320,28,0,24,0,380,0,95,250
lasagna,420,20,38,20,2,620,4,85,400
latin_american_platters,480,32,42,20,4,920,2,95,500
lettuce_wraps,120,8,12,6,2,420,2,20,200
lobster_bisque,280,10,18,20,1,680,2,95,300
lobster_roll_sandwich,420,32,32,18,2,950,2,120,300
matzo_ball_soup,180,8,20,8,1,720,2,25,300
meatloaf,320,24,14,20,0.5,620,2,95,300
miso_soup,60,4,6,2,0.5,920,1,0,200
molten_chocolate_cake,420,4,48,24,2,280,32,65,100
mussels,150,20,8,4,0,480,0,50,200
nachos,320,10,28,18,3,720,2,35,250
naan,280,8,42,8,2,520,2,0,150
noodle_soup,220,8,32,6,2,920,2,20,350
nuts,180,6,8,16,2.5,2,2,0,30
omelette,280,18,2,22,0,480,0,310,200
onion_rings,300,4,32,16,2,720,1,20,150
oysters,100,10,6,4,0,380,0,100,150
pad_thai,350,12,42,14,3,820,4,45,350
paella,380,18,48,12,2,820,2,85,400
panna_cotta,300,4,26,22,0,120,20,180,100
panettone,380,6,48,18,2,280,28,80,100
poutine,420,8,48,22,3,920,1,30,350
prime_rib,380,32,0,28,0,420,0,100,250
pulled_pork_sandwich,420,28,38,18,1.5,920,8,95,300
ramen,380,14,52,12,2,1280,2,35,400
ravioli,350,14,44,12,2,620,2,40,300
red_velvet_cake,380,4,48,18,1,380,32,60,100
risotto,380,12,48,14,1.5,720,2,25,350
salmon_sashimi,220,24,0,14,0,280,0,85,150
sashimi,220,24,0,14,0,280,0,85,150
scallops,140,24,4,2,0,380,0,60,200
scrambled_eggs,280,18,2,22,0,480,0,310,200
seaweed_salad,90,4,14,2,2.5,920,2,0,150
seitan_cutlet,220,28,12,8,2,520,0,0,200
shaved_ice_with_syrup,150,0,38,0,0,40,35,0,200
sheekh_kabab,280,28,4,18,0.5,620,0,95,200
shellfish_platter,280,28,12,14,1,820,1,120,350
short_ribs,420,32,0,34,0,380,0,110,250
shrimp_and_grits,380,24,36,16,2,920,2,180,350
shrimp_saganaki,320,28,8,20,1,820,2,210,300
shrimp_tempura,280,14,26,14,1,620,0,180,200
skewers,280,28,4,18,0,620,0,95,200
smoked_salmon,220,24,0,14,0,920,0,85,150
snails,120,16,2,6,0,420,0,85,100
soba_noodles,320,12,64,2,5,520,2,0,200
sole_fillet,240,32,0,12,0,280,0,95,200
solyanka,220,10,16,14,2,920,2,45,300
sorbet,160,0.5,40,0,1,50,35,0,150
soup_dumplings,200,8,24,8,1.5,520,2,35,200
spaghetti_bolognese,380,18,42,16,3,720,4,85,400
spaghetti_carbonara,420,18,48,18,2,720,2,95,400
spanish_paella,380,18,48,12,2,820,2,85,400
spareribs,320,28,0,24,0,680,0,95,150
spring_roll,160,6,18,8,1.5,420,1,20,100
steak,380,32,0,28,0,420,0,100,250
strawberry_shortcake,320,4,42,14,2,280,24,40,150
string_cheese,330,28,2,26,0,780,0,100,100
stuffed_mushrooms,240,8,12,18,1,520,1,25,150
sushi,220,12,36,2,1,480,2,20,200
swordfish,240,32,0,12,0,280,0,85,250
tabbouleh,140,6,18,6,3,420,2,0,200
takoyaki,280,8,28,16,1,720,2,90,150
tamal,240,8,28,12,4,520,1,35,150
tandoori_chicken,280,32,8,14,0,620,1,95,250
tapas,240,12,14,16,1,720,2,45,150
tarte_flambee,320,10,28,18,1.5,820,2,40,300
tater_tots,300,4,32,16,2.5,720,0,10,150
tempura,280,8,28,14,1,620,0,35,200
teriyaki_chicken,320,28,24,12,1,920,8,95,300
teriyaki_bowl,380,20,52,10,2,920,8,45,400
thai_basil_chicken,280,28,12,14,1,720,2,95,300
thai_green_curry,320,18,18,20,3,820,2,45,350
thai_red_curry,320,18,18,20,3,820,2,45,350
thin_crust_pizza,320,12,36,14,2,620,2,30,300
tilapia,240,32,0,12,0,280,0,95,250
tiramisu,320,6,32,18,0.5,180,24,85,100
tomato_mozzarella_salad,150,8,12,8,2,420,5,18,200
tomato_soup,120,4,18,4,2,720,8,10,300
tori_katsu,320,28,18,16,0.5,720,2,95,300
tortellini,350,14,42,12,2,620,2,35,300
tortilla_chips,150,2,18,8,1.5,720,0,0,50
tortilla_soup,220,8,24,10,3,820,2,20,350
traditional_pizza,350,14,38,16,2,620,2,35,300
trifle,380,6,48,18,1,280,32,60,200
turkey_burger,320,32,24,12,2,720,2,75,250
turkey_meatball,260,24,8,14,0.5,620,1,85,150
turkey_tetrazzini,420,28,32,20,2,820,2,85,400
turnip_cake,200,6,24,8,2,520,4,25,150
turtle_soup,160,8,12,8,1.5,920,2,50,300
tuscan_grilled_chicken,280,32,4,14,0,620,1,95,300
twice_cooked_pork,320,24,8,24,1,820,2,90,300
twice_fried_chips,320,4,38,17,3.5,280,0,0,150
udon_noodles,350,12,72,2,2,520,1,0,300
ultimate_nachos,420,12,38,22,4,1280,2,50,350
unagi_nigiri,220,12,28,6,0.5,480,8,80,200
upside_down_cake,340,4,44,16,1,280,28,60,150
vegetable_dumpling,180,6,26,6,3,480,2,10,100
vegetable_fried_rice,280,8,40,10,3,820,2,30,300
vegetable_spring_roll,140,4,18,6,2.5,420,1,5,100
vegetable_tempura,200,4,24,10,3,620,2,10,200
vietnamese_pho,220,12,32,6,2,1280,2,35,500
vietnamese_spring_roll,160,6,18,8,2,420,1,20,100
watermelon_juice,60,1,14,0.2,1,40,12,0,250
watermelon_salad,95,1.5,22,0.5,1.5,120,18,0,300
waffle,280,6,32,14,1.5,480,8,75,120
wasabi_cream,140,2,4,14,0,280,2,85,50
white_chocolate,540,8,54,34,0,80,50,35,100
white_chocolate_mousse,340,4,34,20,0,180,30,95,150
white_bean_soup,180,12,24,4,6,820,2,0,300
whole_grain_bread,280,10,52,4,8,520,4,0,100
whole_wheat_pasta,350,14,70,2,10,2,2,0,100
wild_mushroom_risotto,380,12,48,14,2,720,2,25,350
wild_salmon,280,32,0,16,0,420,0,95,250
wontons,160,8,18,6,1.5,920,2,25,350
yakitori,280,28,8,16,0,620,2,95,200
yam_noodles,320,8,72,0.5,2,520,2,0,200
yams_chips,300,2,36,16,2.5,280,1,0,100
yang_chow_fried_rice,380,12,48,14,2,820,2,45,350
yassa_chicken,300,32,12,14,2,720,2,95,350
yellow_lentil_curry,280,18,32,10,8,720,2,0,350
yemenite_soup,220,10,24,10,3,920,3,20,400
yi_fu_noodles,350,10,52,10,2,920,2,20,350
yinyang_dumplings,200,8,24,8,1.5,520,2,35,200
yogurt_parfait,200,6,32,4,2,180,24,15,200
yolk_soup,140,8,12,7,1,720,2,280,200
zhalkoob_bread,280,8,54,3,2,520,4,0,100
bakso,280,18,24,12,2,850,2,65,350
bika_ambon,380,6,52,16,1.5,420,28,35,100
dadar_gulung,240,4,28,12,1.5,380,16,85,100
kue_cubit,150,2,18,8,0.5,280,12,25,50
nasi_goreng,420,12,52,16,3,920,2,45,350
pepes_ikan,280,24,12,14,2,620,1,95,250
putu_ayu,200,4,32,6,2,420,14,15,100
rendang,380,20,12,28,2,820,1,75,250
sate_ayam,320,28,8,20,1,720,2,95,150
telur_balado,240,14,6,18,1,680,1,280,150
tempe_bacem,180,16,8,10,3,520,0,0,150
